block_focus,keystroke_intervals_mean,burstiness,scroll_rate,idle_time_percent,microEMA,sleep_hours_prev_night,action,reward
0.9293759891275858,177.67831927247357,0.5824226582072465,46,77.07806182638798,0.6379542626847388,9,evening,0.8419494711947316
0.5567628930139298,209.7044996449154,0.7480731794295321,83,0.28812516656145926,0.8336431341439584,9,evening,0.6398269653529383
0.5716126894698998,253.6815874929886,0.8117697880901376,81,85.89566854206295,0.49943176986683535,5,afternoon,0.5499584135889805
0.2799790936602842,148.674235029447,0.6564786073315027,17,18.60230000056656,0.5350255045989328,8,evening,0.35649301694187874
0.7694929331919369,206.64848370734381,0.12809574636620003,65,55.20693646533778,0.14438763213366723,6,morning,0.5819613428744559
0.18704374855752337,164.99395925304134,0.3382675059944984,67,41.579750068745014,0.7839873586893554,8,afternoon,0.366126831597073
0.3236792364042437,259.7523314462421,0.9280836403260497,93,71.96538166105304,0.41938961166697164,9,morning,0.35239234898306204
0.4254364386164168,123.84065476081126,0.22461561184385193,32,37.116161478574185,0.5000801182715826,8,morning,0.44782954251296647
0.507610378684455,172.05390763642058,0.3721670238375133,35,86.97631766817108,0.7850977140957076,4,evening,0.5908565793078308
0.24240973241508024,218.86059375322606,0.432076882944196,81,73.04963609587902,0.598845400079439,6,evening,0.34934043271438786
0.11483682473920354,278.27620146171705,0.4394049896944522,18,64.77131710629214,0.20109872744266744,7,morning,0.1407153955502427
0.6106200424416326,196.71248694635062,0.6129395824945255,27,79.62405955628543,0.5902326591508927,4,morning,0.6045038274544106
0.28863055324025577,172.2400236653401,0.9430758377447076,39,75.40230349283823,0.40763285797965576,7,afternoon,0.32433124466207575
0.5812382214226123,294.0578534720295,0.24069271183250496,83,3.5938674921553337,0.46952554204386265,5,evening,0.5477244176089874
0.1543627152742023,127.5993049791878,0.12150137630091806,96,39.47343538448281,0.028311274402667785,7,afternoon,0.11654728301274195
0.4811401018548175,90.0597021689959,0.19747048985993731,75,93.08072973164899,0.2100293495162816,8,afternoon,0.39980687615325666
0.5325894325515859,222.00072250266663,0.8869249002092695,14,12.572426899222622,0.28103808138102826,7,afternoon,0.45712402720041856
0.05182353682242691,174.89728878236946,0.645810812655206,40,73.70965504320512,0.7129600078588058,9,morning,0.25016447813334053
0.3366042781939206,148.93835914346434,0.28590678923916013,38,97.45918113353297,0.011492473298115313,4,afternoon,0.23907073672517898
0.13441467693897424,235.41782236496766,0.8159469389686173,1,5.219862904497163,0.40877726122913205,4,afternoon,0.21672345222602157
0.06337497047276774,212.19003568855993,0.861369996363436,62,68.21938806266104,0.9240268704257328,7,morning,0.32157054045865724
0.9899602323899452,171.79606846316358,0.846514338690278,28,46.815414130103036,0.11188061654912385,4,evening,0.7265363476376987
0.32235384497472297,135.9847800664553,0.9189265336395545,73,57.917525537472216,0.516424388218611,9,evening,0.38057500794788934
0.8098744458546349,243.62286641400723,0.2522410201733616,65,8.534133648432485,0.786522382390847,4,afternoon,0.8028688268154984
0.25464065476376385,232.51005889793305,0.7550419287462783,50,4.3006951866939485,0.9425313075201167,7,morning,0.46100785059066973
0.6815027222239293,195.04120681103086,0.46053949727414,74,66.68666605509218,0.746776639533718,6,evening,0.7010848974168659
0.7602278598896866,292.3318498023833,0.8419985528900615,76,82.33094298207179,0.7205655486444061,6,afternoon,0.7483291665161024
0.5956387406078443,146.49576168369236,0.7284906771616132,9,78.20153349329672,0.8264880901957624,5,afternoon,0.6648935454842198
0.47157618855015837,123.72374145376305,0.7764474464997246,13,54.38057278662374,0.44620122097754367,4,morning,0.4639636982783739
0.41184091414726853,165.40459650593777,0.6561618376810715,81,9.986682113617817,0.8058445326178331,7,afternoon,0.5300419996884378
0.3488682665429953,197.7206991822251,0.17742876946970687,50,68.80444438360138,0.007964404745451126,4,evening,0.24659710800373205
0.9295291442478258,212.16697246613458,0.5450269188969383,72,24.188888355414594,0.9245610553768049,8,morning,0.9280387175865195
0.8306194077877291,187.9381971071835,0.9846697395245082,38,91.10687027673836,0.4433065095171753,9,evening,0.714425538306563
0.9650269106665126,217.60276982571483,0.9373880664971189,27,83.82653595457049,0.5533801878657476,4,evening,0.8415328938262829
0.12429722348554473,137.4230287904778,0.04317373579701167,2,70.93829670873909,0.2548822489148823,4,evening,0.163472731114346
0.7308674752036443,272.18823020366295,0.16481481572943713,83,94.88459558311304,0.7425308328404214,6,afternoon,0.7343664824946774
0.9383404568210378,195.89244108037155,0.1317287734545619,69,3.142182151127293,0.07663580647524881,9,afternoon,0.6798290617173011
0.18123306616566015,255.8647915794064,0.7259799099852955,26,73.6200425060762,0.8726358025468353,7,evening,0.3886538870800127
0.0664962673667775,217.13626731888522,0.8177853298569451,1,33.02427793364053,0.8281168290063428,4,evening,0.29498243585864703
0.741120649290059,222.8376609576892,0.2135113663106719,92,90.60658856863652,0.2160601162447664,6,morning,0.5836024893764713
0.5744731131799119,228.4883640116102,0.505852692951829,37,26.66751966619776,0.8093243982852624,5,morning,0.644928498711517
0.8418287767582721,222.38542800086574,0.8407030280112,2,72.48564993150171,0.7863577330614815,9,afternoon,0.8251874636492349
0.1397723766262895,232.1361379933772,0.7328015447662506,15,87.76470196507815,0.632216597753949,6,afternoon,0.28750564296458736
0.7952673118598902,266.4576265066216,0.5422372054918483,93,4.165681838268243,0.37352017689968753,6,morning,0.6687431713718294
0.20162732004774453,209.8260584850735,0.5903476904587729,39,39.764757959203614,0.27149875418186786,6,evening,0.22258875028798153
0.1636559428657045,235.4501878794256,0.50836054691628,1,76.23090320219387,0.23178359028935003,4,afternoon,0.18409423709279815
0.16426579793099294,195.51321528563867,0.2975484513188206,80,45.49188895075871,0.3186089627636072,4,evening,0.2105687473807772
0.8145747202313821,272.0058607724736,0.5650219928590161,40,26.72526297935953,0.9035584434325303,5,morning,0.8412698371917267
0.6651972206962001,166.1803848970365,0.6888853020500907,11,21.980534882319002,0.07764077598878127,8,afternoon,0.4889302872839745
0.5230654247691193,290.0470216455408,0.8733229158608077,34,13.15182669163779,0.8288712762529586,8,afternoon,0.614807180214271
0.3588304841235025,197.99210246778284,0.6362913539792481,64,85.71295598562823,0.34889007504182357,8,morning,0.3558483613989988
0.8772005408131083,128.4612448940976,0.761121537043158,54,57.5355403251556,0.5215993960113582,9,afternoon,0.7705201973725831
0.3924451074226354,206.40522074553945,0.160071634954573,44,7.638494499145598,0.7944856336484907,9,morning,0.513057265290392
0.8165994394715771,165.94741712625597,0.4615574744197899,78,38.25803235706354,0.8843765470229713,5,afternoon,0.8369325717369953
0.4391349085702184,242.0321774494362,0.009331619827093296,89,36.77336508051099,0.344781420072647,9,morning,0.410828862020947
0.3769444294249076,167.36880103488045,0.24667886452162302,84,18.173919070946297,0.4618434812751103,8,afternoon,0.4024141449799684
0.46267978566960644,177.690828339261,0.7264617151130048,61,43.550762547219065,0.41451606481679226,8,evening,0.44823066941376216
0.3013778741641421,105.52296345272345,0.9918099513493635,48,33.209936539313645,0.013251033503910548,6,evening,0.21493982196607261
0.7476093801762511,177.38468403754615,0.0991780995872159,94,34.18037054921825,0.2959428888586566,9,evening,0.6121094327809727
0.5027203900924792,78.80603366855216,0.40149431586128825,24,73.90265577879586,0.4591892337325618,4,afternoon,0.4896610431845039
0.2322126951468173,120.80485882571384,0.8000709686991595,22,22.32633855051963,0.4110936088804398,4,afternoon,0.28587696926690404
0.8995745732745685,238.02073280721487,0.20403563462889884,23,64.18599588553555,0.7219292275156795,6,evening,0.8462809695469017
0.3838912213732114,239.2900079325416,0.5550849493022862,37,57.06496238809349,0.38480361722110323,6,evening,0.3841649401275789
0.5435528611139886,221.27287808924825,0.7330712960296748,27,56.809251233786725,0.48937644897067023,6,morning,0.527299937470993
0.9064721109645469,151.65119284353935,0.615985450260179,20,66.30073461417759,0.42960859213236335,4,morning,0.7634130553148918
0.6242379959139921,197.614432192901,0.18802473461541613,53,54.8382036195654,0.7406261488943705,8,morning,0.6591544418081057
0.11689804070836407,199.81987304547158,0.3553845686857394,17,87.92551148463846,0.8629723989869625,6,evening,0.34072034819194363
0.9398321236134751,142.08176554037286,0.7837917844853972,35,67.55800919502597,0.5318890790075141,5,evening,0.8174492102316868
0.6277080530714179,275.1699150883575,0.5542265141320166,98,54.696325137138814,0.7894321941951912,6,evening,0.6762252954085498
0.3349056146570861,243.86811452878356,0.005229613542912737,44,82.97631202876448,0.2967866820198506,7,morning,0.32346993486591546
0.13927207266338726,188.95179130851682,0.7609907600280938,72,60.61465649334797,0.5413696101572687,6,afternoon,0.2599013339115517
0.794025189270296,201.34429194972654,0.03531135494023907,52,29.1144247785179,0.34522995366997244,4,evening,0.6593866185901989
0.6200727559285135,210.41914039737762,0.7457337827312321,29,20.70949181765712,0.4142009255718303,9,afternoon,0.5583112068215086
0.5334610919763215,97.91325657878546,0.2024805601652374,59,15.232778566267879,0.7324138648126686,6,afternoon,0.5931469238272256
0.8938925830509576,187.64113087397016,0.9580734801193802,97,89.94552125461016,0.8816624823327127,9,afternoon,0.8902235528354842
0.7885972112245307,165.90078760011008,0.3679407513020845,31,71.01354317980658,0.12149539108776541,7,morning,0.5884666651835011
0.15167487973275118,149.91899950525422,0.3269316163380791,66,93.73784381643208,0.6346392564873805,5,afternoon,0.29656419275914
0.31172206779554823,185.94498535570224,0.14888805033244468,66,60.3291805714943,0.5821438075777985,9,evening,0.3928485897302233
0.24848913981446574,289.88432634247613,0.3056042154902149,27,47.34008814949126,0.11841503917593188,8,morning,0.20946690962290557
0.743946292572677,232.0421430633505,0.8766507618282006,43,5.971648897088933,0.21189433044010908,6,evening,0.5843307039329066
0.03353243473577938,171.44105051086015,0.9963343376272473,78,67.16422815460298,0.31100249473268027,7,evening,0.11677345273484965
0.5698896848713165,228.62913906780793,0.36830953050684834,40,58.220875976823116,0.16693107081750147,7,morning,0.449002100655172
0.7624586857406905,269.9677718293001,0.44861063095454257,62,99.02088935876215,0.2437294825243418,9,evening,0.6068399247757859
0.8767656367617495,246.23168414563844,0.722070938202737,22,23.915877778224303,0.2676007988617075,5,evening,0.6940161853917368
0.34208174871590746,202.9815184960087,0.8861957804650745,74,53.073735528683585,0.3356738330390596,4,morning,0.3401593740128531
0.8212573046720129,167.6531611147213,0.5930443341867842,47,65.09573351180727,0.749390452801159,6,evening,0.7996972491107567
0.11063173695520723,234.9111656806795,0.39152569817782934,31,64.45911747423436,0.5719122038506007,7,afternoon,0.24901587702382527
0.8464522917345182,219.67426927108747,0.41262184084862374,56,56.12935429484027,0.9862466719514015,5,evening,0.8883906057995832
0.12748866233198242,244.7596610013866,0.6956181464968069,99,77.69280103272254,0.414735826967471,8,afternoon,0.21366281172262896
0.39728729056036727,231.75859008409847,0.0032182636042786816,32,20.498120952681642,0.753865073836925,7,evening,0.5042606255433346
0.7972953657795536,252.47763576596677,0.6195893374598407,23,72.56272002744159,0.8714684213765338,5,morning,0.8195472824586476
0.14991742734877378,173.2382394219716,0.3554930104413574,38,61.97345714330892,0.6789784930380419,4,morning,0.3086357470555542
0.22925139523264149,265.8697032817163,0.7941973312770843,33,89.60751117945733,0.411864740417496,4,evening,0.2840353987880978
0.7222525683930663,209.87998023461998,0.09299063982313216,55,84.71944390335817,0.753594630745753,7,morning,0.7316551870988723
0.7200365365460744,303.76304363126326,0.5882022669483905,27,31.514703913255325,0.20366713777268486,7,evening,0.5651257169140574
0.6411476328852973,165.5406090955216,0.48097288988612374,36,27.623732497515306,0.3275521651801324,9,morning,0.5470689925737479
0.6939484444671,286.79819015826246,0.6423255259052274,6,98.16533238524478,0.5466852550992888,6,afternoon,0.6497694876567566
0.5427244433475962,209.8955391731324,0.06485359448296835,67,52.726518091525655,0.5754093872861483,5,evening,0.5525299265291618
0.25179905890695276,167.42909981927758,0.5799837874281313,36,90.64209639144369,0.022141475472629457,7,afternoon,0.18290178387665576
0.34569599350391944,175.80570829728393,0.5614845879595237,55,16.38810237804822,0.9451141887560087,6,afternoon,0.5255214520795461
0.18159771680142567,183.982634590284,0.5606600944161709,64,64.28189148001742,0.69662727121739,9,evening,0.33610658312621494
0.9084505613336283,221.20829732009582,0.6034876665964548,64,80.98601873605861,0.49570375023189106,6,afternoon,0.7846265180031071
0.5833917947661205,226.14177440177497,0.6764679372263622,46,94.73952495864468,0.9331272344083084,7,evening,0.6883124266587768
0.4008514167636399,171.31499980307106,0.8049889996807698,19,33.73401410170235,0.4390955652508285,4,afternoon,0.41232466130979645
0.4620058036441327,198.78227038695087,0.26982072012821434,18,72.49811699240524,0.9804355702703718,5,evening,0.6175347336320044
0.9472833396118153,307.11351793059316,0.8250494101800621,28,53.8813009039619,0.5122847572434851,5,evening,0.8167837649013162
0.1533514031160802,286.3771585050356,0.4982556822634536,73,6.06289260664682,0.11428576999797946,4,morning,0.14163171318064996
0.5862298320167972,221.8161834837016,0.07705827913433116,59,68.99997373089434,0.7648009724592773,7,evening,0.6398011741495412
0.505888678884466,201.90017390841,0.0585509292439792,17,69.00965582378434,0.6788977250778405,5,evening,0.5577913927424782
0.6114542354346478,206.00156633591305,0.3342383186960608,91,93.0606804846537,0.7729867213055868,7,afternoon,0.6599139811959295
0.01811018382084051,230.67589863652083,0.7848969771114676,34,49.73124461689724,0.9514420287256811,9,evening,0.2981097372922927
0.8721239089441515,148.86037174007973,0.7076809347409158,42,23.025092071051468,0.7764893026510181,7,morning,0.8434335270562114
0.9321182824836124,187.13117312883276,0.7886149646724064,94,4.456382344867915,0.6113366022166469,6,afternoon,0.8358837784035227
0.5651331835892089,116.57079630612053,0.5172690564416094,90,41.56421866859057,0.8573089023608409,4,afternoon,0.6527858992206985
0.6966508238768923,219.96115613026396,0.44019899795549056,10,30.191670007750183,0.6732464393545315,7,morning,0.689629508520184
0.9224993811772957,232.35979698513705,0.14745252670628395,48,76.10883060238756,0.4081190568259231,9,afternoon,0.7681852838718838
0.7072386343133986,175.84067688503131,0.32819275360931155,37,35.426776484104664,0.8856197642417732,8,afternoon,0.7607529732919109
0.15253904291426135,278.6993381645016,0.43401936617387527,63,94.90711963148439,0.22190046078437287,4,afternoon,0.1733474682752948
0.5762883601668132,138.71171684988295,0.08860042967961723,68,96.23102029877842,0.7146412749087242,5,afternoon,0.6177942345893864
0.6067150463828559,126.78125598950899,0.22061195271121126,7,62.090859021770804,0.8815634549407569,6,morning,0.6891695689502262
0.424130671302386,211.2225909279986,0.5982252940637388,33,92.86602870148829,0.7313165197032963,5,morning,0.516286425822659
0.7364442356247228,252.35491513060774,0.7356631142391898,47,76.08543445144956,0.6972754190538569,9,afternoon,0.7246935906534631
0.9343670147690148,284.1963845728934,0.9983475113929496,55,54.68596409751262,0.752638294071836,9,afternoon,0.8798483985598612
0.9255685129067763,177.055786856553,0.9331133313435577,75,18.030793542277813,0.4650552483006444,5,morning,0.7874145335249366
0.4508393714041321,253.93404167156478,0.6425651995351915,64,45.859794351384,0.874170682157026,4,morning,0.5778387646300003
0.11323804584075525,198.07457652496464,0.421248053294072,30,56.087446336261756,0.2034364751360912,5,morning,0.14029757462935605
0.9848411989623346,191.36863500295902,0.6361773647082327,3,86.39615807350101,0.1273864160003393,7,afternoon,0.727604764073736
0.8388980864459341,244.1829968743336,0.785651618080232,49,48.133337653566485,0.28550878011851155,5,afternoon,0.6728812945477073
0.12466268120326685,232.616143920671,0.11833619092338732,68,89.76746726779567,0.5315773967749932,6,evening,0.24673709587478473
0.9208418826173723,121.18039215078753,0.40990488969628824,29,67.43489790234689,0.5105617954093381,6,morning,0.797757856454962
0.8698963620621283,273.8270174862948,0.8398022856356172,87,13.699906305367138,0.8205987576765866,8,afternoon,0.8551070807464658
0.5188380571260721,269.0045677073726,0.383832951933044,58,99.4981369325093,0.4045686564040174,6,morning,0.4845572369094557
0.5912754357449292,168.72186492452352,0.5718722712271865,66,52.723266075391265,0.48434442629150865,5,afternoon,0.559196132908903
0.39900270387013026,219.79017667187046,0.5877693608621982,74,39.18582964090789,0.013367683259395635,6,morning,0.28331219768690985
0.05476163882203133,224.70150931413696,0.18447625313363936,44,65.91137644695266,0.4097392364429391,4,afternoon,0.16125491810830364
0.3351972416459009,213.03368829119535,0.3622354416522884,3,10.889331398103907,0.6477742329503421,6,evening,0.42897033903723325
0.8028534485980114,172.484742307729,0.33451128874193214,25,63.653864675335434,0.015508330626592182,7,evening,0.5666499132065855
0.004632023004602859,166.41883160309743,0.026196708532064794,26,49.82360004992729,0.28088196518624375,4,morning,0.08750700565909512
0.3334991716911442,198.72229645042773,0.024191763891355245,45,40.667406999858315,0.20795635928938994,8,afternoon,0.2958363279706179
0.3981686935909433,258.63645096296824,0.8316970436757735,63,95.30200211788991,0.04198542890958823,7,afternoon,0.29131371418653673
0.5373956029379229,227.1800077297216,0.2730708099728124,90,52.25397167320532,0.4792600899145375,5,morning,0.5199549490309072
0.9198556164127605,181.4692833956947,0.5180787662388154,50,21.91174794699384,0.1817232932281565,5,afternoon,0.6984159194573792
0.34634599436596125,238.58493553241723,0.29872557358877305,49,45.896347937729864,0.7430815396313801,5,morning,0.4653666579455869
0.3469532018962277,57.57286896849624,0.9406792451153405,5,91.93874045726727,0.8479278837633485,7,afternoon,0.4972456064563639
0.7375012481097484,257.43828501860514,0.25929675886577375,58,17.609547133059465,0.5455851826691478,7,morning,0.6799264284775682
0.45221794088980716,113.01431106109501,0.4296568127389351,14,21.39570386882369,0.9817073425211416,7,afternoon,0.6110647613792074
0.22460482293998196,181.8779529298434,0.8727302504846018,29,1.3029567757083749,0.45047857147059533,4,morning,0.2923669474991659
0.4524395161326934,144.0165052686928,0.8419335667918086,41,1.419004939576718,0.5133682102249155,9,afternoon,0.47071812436036
0.14085702037979986,135.2659262139547,0.18610141784627732,36,82.93916269585125,0.9892177539577501,4,evening,0.39536524045318494
0.1763869865062233,258.04133936892595,0.8026433097957104,41,73.21226068429559,0.23154843596504882,5,afternoon,0.19293542134387096
0.49836777273947974,176.61493993440544,0.45818688673789265,34,35.50410564519583,0.9425459396769053,9,morning,0.6316212228207074
0.4189254495045479,217.3251940865358,0.4829688720853552,86,69.83111572275727,0.042837555119113246,6,evening,0.3060990811889175
0.9148459010681,197.6539710560408,0.13347997241594378,5,39.52059263099702,0.4463868902631948,5,afternoon,0.7743081978266284
0.3623938991166331,223.85204136115607,0.08060151375712465,67,95.28967959978274,0.07000351213306577,8,evening,0.2746767830215629
0.5805883502780435,203.84109455301277,0.7279393069737652,17,96.70526814260349,0.729234742913643,4,afternoon,0.6251822680687233
0.6322642879195304,135.85038879057151,0.49646115235529975,72,39.27937758093434,0.6084089358800178,7,evening,0.6251076823076765
0.013094456588333636,249.813340972357,0.43685070261517955,28,85.4221906340868,0.7066342634675964,4,morning,0.22115639865211248
0.6635373720167106,175.31217084193437,0.7295082286523967,76,77.30890416974661,0.37448039996801696,7,afternoon,0.5768202804021024
0.17803596686975143,122.17090506701244,0.7655128989911097,58,30.99999371717893,0.3694819340313803,9,afternoon,0.23546975701824008
0.9610703174694551,178.59424195170436,0.15890816766935356,46,23.2039828901106,0.045319278960894605,8,morning,0.686345005916887
0.14866272775311296,275.03798953171554,0.6102251494776413,16,45.823465039283384,0.3499449395296398,9,evening,0.209047391286071
0.41462412372702373,242.51108710567465,0.13535408227768553,95,78.13488406144063,0.9292884022620594,8,morning,0.5690234072875344
0.08534966807864386,182.56739327960705,0.7513750860290457,21,96.01677847287455,0.37922653718044896,4,morning,0.1735127288091854
0.9968742518459474,182.53711478407857,0.6569551562671395,67,76.35790688665726,0.83136770622197,7,evening,0.9472222881587541
0.5021950103312426,183.91824743913088,0.956614621083458,68,85.520698501837,0.8423255047499341,9,morning,0.60423415865685
0.5953850173200438,303.83739917804206,0.06895801635642118,36,60.30643061705165,0.37324115637923383,8,afternoon,0.5287418590378008
0.06707647738842748,219.09677261157768,0.05705472115125432,48,83.54078308421259,0.631988680396189,5,afternoon,0.23655013829075594
0.7499604703991778,221.50208235955347,0.28218707469320015,12,78.44208580034177,0.09537160227305863,5,afternoon,0.5535838099613419
0.20990559309558576,251.51417270159212,0.26170568373590597,33,37.69855419262801,0.1036785807342765,9,morning,0.17803748938719297
0.8980542894407137,211.93945795132566,0.24697879907199982,85,55.19903021207211,0.04865766366171331,7,afternoon,0.6432353017070136
0.20513964048200717,187.04789270896484,0.9062545805210367,52,80.47531219896949,0.5810150933751095,9,afternoon,0.31790227634993784
0.19068772066366657,190.1825075457511,0.2495461998495061,86,4.605673418995638,0.426070977626097,4,afternoon,0.2613026977523957
0.03654966784809488,196.4199370292968,0.271949726128631,50,80.80792823558299,0.5480323566642401,8,afternoon,0.18999447449293844
0.47206694510999925,198.1388881745079,0.7593982624179637,2,17.788812404902345,0.5210731905083879,4,afternoon,0.4867688187295158
0.5648411332626164,236.381477181849,0.44973984245054,41,51.468361712143896,0.3502029910907303,5,afternoon,0.5004496906110506
0.06570863942835237,202.59729429036497,0.7767105569551812,97,80.82754395559377,0.6774734148234729,8,morning,0.24923807204688853
0.7755276166950106,236.63200386077895,0.06536615756438524,31,25.382107815669485,0.7585018809163907,9,afternoon,0.7704198959614246
0.4532888347480276,195.96417099457088,0.4875711936733843,50,24.580743930615302,0.014628258877675715,4,afternoon,0.321690661986922
0.52439026932758,203.93175951580454,0.03361360018328263,84,40.27643984622519,0.2072422997688783,6,evening,0.4292458784599695
0.44076274693822814,100.08996577339462,0.06265320345535452,45,89.46427975776345,0.7132358680833368,7,morning,0.5225046832817607
0.400763060875326,245.81638373512408,0.906437453344411,20,0.04427814372078842,0.3866201726338342,7,morning,0.39652019440287845
0.5596403313082179,217.32442379489964,0.13924537111759516,43,90.1383096641935,0.6624839469416082,6,morning,0.5904934159982349
0.1552402459307125,249.9005054929826,0.5324206822752171,10,15.380702464160779,0.3469626597345584,5,morning,0.21275697007186628
0.18192813049527112,55.18723109031555,0.41109560260070654,67,99.00863760674821,0.3907551523296371,8,afternoon,0.2445762370455809
0.8617856210135173,304.4187352390364,0.3473433262588427,0,95.48469930384681,0.15867887368968492,7,afternoon,0.6508535968163676
0.9461154621336327,193.0205185922413,0.8998333456872725,91,49.467518959128334,0.25823101966616,6,evening,0.7397501293933909
0.37330931627975295,255.40914083687582,0.0218233967754895,62,51.272024781262814,0.6054117575075872,9,evening,0.4429400486481032
0.27074467314355377,148.00470364372347,0.6637896861755891,23,48.154934027585426,0.4331631113151664,6,morning,0.3194702045950375
0.6439995432390158,230.63869525312847,0.9633944342135504,98,63.54436456595226,0.7743026829445951,5,evening,0.6830904851506895
0.4087341710980964,147.32922184131718,0.5601681834618419,12,9.072170223493103,0.8525849549383427,5,evening,0.5418894062501702
0.02538635566034486,168.81155196520973,0.9368224620330918,97,3.2617948341566505,0.5416464182167599,4,morning,0.18026437442726934
0.15615259736619036,295.7015676933393,0.05225787928602377,10,5.770292841589885,0.7582672920560591,7,morning,0.336787005773151
0.7159722288473975,190.46587996183268,0.4187933190741614,99,44.43653492415144,0.30690451319457,4,evening,0.5932519141515492
0.6589239419101514,210.87164365898616,0.26015779096205116,50,27.554793921948338,0.4149712154000782,6,afternoon,0.5857381239571293
0.02709599250348349,243.5033865344377,0.7308209649807298,16,62.203956237099376,0.712777676216831,8,evening,0.23280049761748772
0.22197216193294944,224.78409439863023,0.9812970904972467,98,99.2442289374779,0.38621199281703067,8,evening,0.2712441111981738
0.2310747965880714,207.52094525717882,0.2565300624442478,81,38.63231730764659,0.5885049351589888,5,afternoon,0.3383038381593466
0.6718927435987284,218.24805012331126,0.6541746014740745,85,57.38412541045134,0.18537277908251149,8,afternoon,0.5259367542438633
0.019710537754364155,320.17077926191376,0.19809763275974013,23,41.56038959073355,0.599771314970498,8,morning,0.1937287709192043
0.10410858198457384,197.11906014832073,0.5653302545716099,18,84.72716677218594,0.8615137072268936,8,morning,0.33133011955726976
0.7999160853731894,210.05495233574837,0.4639324866883362,36,90.22364034622382,0.8686396398234256,6,evening,0.8205331517082602
0.1785446620543336,252.5327198003806,0.9720053296315371,84,87.73556122052601,0.7243444063295397,8,afternoon,0.34228458533689543
0.6527461078518747,255.2762966478992,0.6085272726964666,7,97.43722386792577,0.745753379076126,9,morning,0.6806482892191501
0.23818278104672652,259.351515278019,0.3495063720868188,27,2.751918514041529,0.5579274451507007,8,evening,0.3341061802779187
0.09944139275934516,231.93651110145925,0.11409578488793337,4,83.9816162145531,0.5846680901658248,8,afternoon,0.24500940198128904
0.24317219099945409,142.84975436347582,0.15124682873493456,16,75.17721730390933,0.133650581410518,4,evening,0.21031570812277323
0.7222669318556592,281.6715766150548,0.2253169299512351,35,22.86944094003648,0.4438591884213011,6,morning,0.6387446088253517
0.8556964681062857,142.6827303490656,0.250966661340298,18,95.63200933875275,0.4507762838863638,5,morning,0.7342204128403091
0.8302198645669916,215.13177326195165,0.8506160578411378,63,14.817792822994546,0.9584978356677402,4,afternoon,0.8687032558972161
0.3971835296184548,162.28620749903212,0.5612227882825249,90,67.95499271339084,0.43108686262328944,7,evening,0.4073545295199052
0.6680851365706462,196.79308267035037,0.5233909113743664,97,22.489021681591247,0.5493426449027576,6,afternoon,0.6324623890702796
0.20498429541582097,216.43812051517403,0.11476887186921747,10,43.138064877407466,0.5332513992791025,9,morning,0.30346442657480543
0.29314773026101326,216.06786077251365,0.860139693349435,53,71.9159896944569,0.6367617170443272,6,morning,0.3962319262960074
0.8963358185211198,221.09603771176424,0.7228143032084837,44,56.33246420330467,0.7482328313318959,7,evening,0.8519049223643527
0.013001923510736035,280.68556345293234,0.06766836190000158,46,42.75018313281117,0.22504187617087212,7,evening,0.07661390930877685
0.08550853085446808,222.67671507569898,0.7078350972297687,11,32.63384309319872,0.5287244190984357,7,evening,0.21847329732765836
0.20788625514602732,187.79216823546756,0.5435382173426461,20,83.96596557087904,0.8259177073160304,5,afternoon,0.3932956907970282
0.026532203873819715,248.20435841441787,0.08172534574677826,10,14.38143503148137,0.46311471383751146,8,evening,0.15750695686292723
0.18143543508979731,259.47352444623203,0.45830064152865646,91,43.010287652980004,0.278457546373573,6,evening,0.21054206847493
0.5830415609696922,138.61960924315036,0.484696287130047,4,90.37575717751422,0.6547090753562991,8,morning,0.6045418152856742
0.42142455059249795,229.8700034924929,0.16577454016327575,80,84.58495504599676,0.823767395799123,8,morning,0.5421274041544855
0.8926717110769748,235.0586371155449,0.9456981470002823,55,40.09417624730467,0.06314029292739132,9,evening,0.6438122856320997
0.8174435617384409,185.1218248320004,0.8499753714806619,19,76.31083636013084,0.7767904834072271,7,evening,0.8052476382390767
0.34181735169787597,268.785340665581,0.6690223373291083,40,82.31608307088592,0.8216479329617712,5,morning,0.4857665260770445
0.2594234334312925,192.49722064837366,0.4622955610006072,45,88.88874240036297,0.4615229275886068,9,evening,0.3200532816784868
0.3796924081672669,206.2788226735771,0.4117655415845085,11,54.4505769049228,0.9833056568184674,4,afternoon,0.560776382762627
0.5902949425148077,191.34640878580652,0.6509734671509542,69,20.44608860547118,0.7867083407073091,5,afternoon,0.6492189619725581
0.26806364082287626,200.7789523790734,0.5454318694069055,16,25.530907650393164,0.7736625648956658,8,afternoon,0.4197433180447131
0.624148907849134,145.1862456552399,0.062273105881885615,18,29.56946740416042,0.7478385744120718,5,evening,0.6612558078180153
0.4094116521912404,127.99745587028528,0.5125026487703317,25,59.38024808096155,0.150608103218274,7,morning,0.33177058749935046
0.5520471808519802,279.7252531612486,0.8064036172328395,47,3.280962412860844,0.2172308864530108,4,evening,0.45160229253228934
0.4361265291353167,157.65193258408362,0.45923987759695806,51,63.60424687799683,0.463990131464425,7,evening,0.44448560983404917
0.29446575954191767,150.43038252718463,0.05195657755426841,95,36.4354238428232,0.26400434995946587,4,morning,0.28532733666718213
0.9484533069621567,92.33049431981426,0.7862781993840331,69,29.524180248964214,0.41524097233404045,9,morning,0.7884896065737218
0.7636057941597608,168.05191261552488,0.2013637821359744,54,87.94965707281264,0.8884641099229207,8,morning,0.8010632888887087
0.14011317576645255,133.84551032962509,0.2586208348880388,99,46.00023955807989,0.8243268918792692,4,afternoon,0.34537729060029754
0.8684679758979128,282.10075800681847,0.1647063534322959,74,9.505304553269278,0.6300398784799822,4,evening,0.7969395466725335
0.48743119824951364,250.4908544671317,0.33021506487149754,32,82.6746768026247,0.8581203942511035,4,morning,0.5986379570499906
0.8945522268940914,165.59248274111383,0.756751505688635,61,4.76412574365066,0.7837723890172492,5,evening,0.8613182755310387
0.7998552559473152,312.62179026721543,0.5193858595039373,87,72.67492241681967,0.4289849318408905,9,afternoon,0.6885941587153878
0.42521350446923345,249.0882743495797,0.20488127415071256,22,77.39062217706652,0.20106515204994513,5,afternoon,0.35796899874344695
0.022469308320117398,183.75843082456888,0.8778300781520408,14,35.260260592885814,0.5142010400093392,8,morning,0.16998882782688393
0.2686773593849461,75.02971425632134,0.8795818549515292,26,82.47878562777868,0.7362288825285501,4,morning,0.4089428163280273
0.5416342146608669,314.5471286295371,0.8705784250460069,74,51.56594058564534,0.436419598729593,9,evening,0.5100698298814847
0.6334782198261473,130.5213766618202,0.23879621138153928,63,46.32936532727968,0.6667719097838972,9,morning,0.6434663268134722
0.2578876854332023,117.73006265215541,0.4512393441809881,80,4.540328146869255,0.09432742629104363,6,evening,0.2088196076905547
0.13935607407282413,251.128521600482,0.9849896561408751,50,29.002919364890587,0.7480047363714034,8,morning,0.3219506727623979
0.8349302367992991,321.98762031696367,0.7720124763099904,52,93.10099708852998,0.812713619893062,9,evening,0.828265251727428
0.9844021807035521,269.2136409255259,0.027167421225559818,77,39.18239632835,0.7068378557805411,4,evening,0.9011328832266488
0.5256901823026858,228.195456002618,0.06520459126049205,90,54.670052055676834,0.9672635875263655,4,evening,0.6581622038697897
0.1716792858483035,229.7377170832643,0.46393137681233276,81,53.20216789842518,0.8266520574606404,9,evening,0.3681711173320045
0.27230732651936895,242.67077793901538,0.9092202058615602,91,59.04310898226933,0.9030937278765383,5,afternoon,0.4615432469265197
0.018390676547466733,237.94642948933824,0.5387017979527142,50,6.133095564328261,0.933571083457648,8,evening,0.29294479862052114
0.914298806560499,214.0595711984688,0.4978125080342902,46,36.21762547987283,0.8013479918738086,4,morning,0.8804135621544917
0.11775108289014113,205.21005519759382,0.10547369995663058,3,72.31282738825541,0.6742588420064991,9,afternoon,0.2847034106250485
0.5765164755142536,196.8703436050239,0.656780104724294,6,20.056025107298293,0.005718581360789288,4,afternoon,0.40527710726821425
0.274055220687206,162.30177055666618,0.8221031606002255,34,20.357837754636044,0.4658257532231247,9,evening,0.3315863804479816
0.5541780025157934,185.9662461566613,0.38042000750756233,47,1.0090606689024728,0.571162298622361,8,afternoon,0.5592732913477636
0.6514203883518642,115.35215929023073,0.7756118509253275,72,43.748192660820976,0.3040302724479996,9,evening,0.5472033535807048
0.8297418037072016,195.0830186602625,0.9644766539008116,71,88.2734380673422,0.31810444690347206,6,morning,0.6762505966660828
0.2064212717606032,150.57044464245413,0.2037664591276891,44,5.190094358730901,0.9611594157101652,9,evening,0.4328427149454718
0.010995828658480478,144.82053413921145,0.5233296311947413,80,19.111870949600263,0.8917108652027459,9,afternoon,0.2752103396217601
0.13688563006880727,208.99470755767393,0.28713795808457554,80,31.008453834275507,0.8491790055017042,8,morning,0.35057364269867636
0.9000186418481051,269.60011431722995,0.7928544190338394,96,73.17247365642129,0.4060118017061106,9,evening,0.7518165898055067
0.8738900775625152,245.91583030011566,0.5775933658811575,95,64.06355928025866,0.013698550408914545,8,morning,0.615832619416435
0.5974131021703083,121.47496981884115,0.6345824175503038,71,41.5943904581855,0.08022224645571407,6,morning,0.44225584545593005
0.6005168604336534,150.51859317148313,0.7979141596158941,18,75.90689392583757,0.31219636821760366,8,afternoon,0.5140207127688384
0.6650366745462555,247.0385593994108,0.3959704726624549,62,60.96310116569019,0.015742912995676983,4,morning,0.47024854608108185
0.1753712786234496,150.87563032308452,0.9150900684070432,37,89.60407996572191,0.017149781915198115,8,afternoon,0.12790482961097413
0.9144119459249598,188.76834250014878,0.53302886724614,66,81.8026749138693,0.916603301642411,6,morning,0.9150693526401951
0.4187705248920731,227.5026049512276,0.157954822835348,58,25.281360608920057,0.7061585021190541,7,evening,0.5049869180601674
0.38313852824949746,151.58277725681825,0.6958991181688025,68,27.14385776342002,0.30895599006815266,9,morning,0.360883766795094
0.5189177052828375,205.268775307298,0.7932613504382544,12,12.535647579238562,0.13264457760095316,8,evening,0.4030357669782722
0.046965966775055046,133.2987252540898,0.31676167706752667,46,33.69647257174565,0.5116357178950771,9,evening,0.18636689211106167
0.1662833687560794,169.93161780243932,0.857179256998753,60,99.95439187190944,0.005346160854364457,5,morning,0.11800220638556491
0.7380336164263704,215.98909670712686,0.9061432547657664,30,40.5751168615061,0.938413743858144,4,evening,0.7981476546559025
0.08279866792512647,120.35031332341653,0.2769044873778089,79,22.04884346891064,0.4148151193889472,4,morning,0.1824036033642727
0.6031521094663882,222.02373689801993,0.9835214727152221,95,76.2482884475553,0.40233495523733276,5,morning,0.5429069631976715
0.24534910968132095,199.01811005366594,0.14071152804875842,21,54.24710034626561,0.3905936075817822,5,evening,0.2889224590514593
0.38929561404197655,227.6244977208574,0.20201566840248997,92,14.960144952695254,0.06932833038776476,8,evening,0.293305428945713
0.28869373677069987,211.19570670323307,0.18422483923802613,85,38.06896811608658,0.6383222397918266,5,afternoon,0.39358228767703785
0.35567271646494913,268.2070214986922,0.8939897100078704,42,41.44697155393433,0.7330036196283534,7,evening,0.4688719874139704
0.7190459051842455,206.26122513239537,0.6542925523249619,66,75.38297005692186,0.6761253975882903,9,afternoon,0.7061697529054589
0.297121715623175,178.52972294373734,0.15210428322227287,53,2.0671368891904462,0.1384354933293943,9,evening,0.24951584893504078
0.5664046402968972,206.1148751516142,0.440323418368349,9,26.901964679831046,0.5788401680355926,6,morning,0.5701352986185058
0.47605040219909966,227.1649014518194,0.615298025069802,41,51.7596301315522,0.5694844841722538,5,evening,0.5040806267910459
0.6636711653626481,202.44300351628522,0.08346408498938329,63,26.884674245284334,0.868410787941382,5,morning,0.7250930521362682
0.936829739324758,202.0295845601941,0.8824163684073387,20,62.84340474189989,0.379127658375647,7,morning,0.7695191150400247
0.7325720972102503,164.90041560966222,0.8036035354415352,79,48.18674792746166,0.3714859436594342,4,morning,0.6242462511450054
0.21494037859075676,166.8549541224526,0.5052067735766382,75,36.17102548595806,0.6185270587181856,4,afternoon,0.33601638262898537
0.031183135061284672,129.86973641001532,0.9671266152591704,65,94.92086268705123,0.633072653499513,9,evening,0.21174999059275318
0.2622640442998251,287.478837159347,0.4177609792750997,40,63.21594991864574,0.46928522732579037,9,morning,0.3243703992076147
0.5950779307002548,137.80683823043574,0.9841103190364978,23,12.994137226794123,0.4430593623304211,8,morning,0.5494723601893047
0.05142581348425035,165.35474011020463,0.6679199988036271,34,56.00916974433955,0.4941476706378827,7,afternoon,0.18424237063034005
0.49636624720123634,164.0796367215401,0.6346712732539415,55,78.0731853200901,0.8610452995033119,6,evening,0.6057699628918589
0.5968428489168892,244.74621884722205,0.165954895295785,29,70.84896974927973,0.46116690125391,6,evening,0.5561400646179955
0.3342438908169608,185.2525160853986,0.881927758304644,56,17.20892292952594,0.9399317919698225,7,afternoon,0.5159502611628193
0.7709122037458219,262.3871036336867,0.42748968792061515,93,97.24199990401033,0.504003763596326,6,afternoon,0.6908396717009732
0.1065982531337718,166.32546878780659,0.16223340578247936,46,44.8813645746606,0.9492006931808914,4,evening,0.35937898514790767
0.07513778173580876,213.9497081111901,0.01260751997575904,34,15.902500374026129,0.8328319018690757,6,afternoon,0.30244601777578883
0.7281887562036033,158.23264733701214,0.5597556836383826,18,18.019575412814792,0.3624313226158291,6,evening,0.618461526127271
0.49549131620619846,307.2574563886694,0.5273996221226763,7,9.823499218908049,0.863641421296616,7,evening,0.6059363477333237
0.688402396427736,140.62007904852436,0.7193536223691586,25,80.35181084349344,0.11006328420111522,7,morning,0.5149006627597498
0.4348273386037462,215.49103551135138,0.8902580530178021,70,12.203049432184866,0.9250471753430145,6,morning,0.5818932896255267
0.2464020332391068,231.6888440466049,0.07940658464302952,29,12.512525714174693,0.6316435150828916,5,evening,0.36197447779224223
0.8191023176741997,220.6899548725749,0.7314964903403623,6,85.04716147608377,0.05439074852231118,7,evening,0.5896888469286331
0.7994158789689793,190.7356170561146,0.18741194409758222,66,34.46040844475596,0.6442567236508115,8,evening,0.7528681323735289
0.6946964708544268,193.5089650133287,0.858177053157164,64,3.085790430807245,0.9742476541447561,8,evening,0.7785618258415254
0.2721451372299627,202.19057359895547,0.8190635138616561,35,5.189529951841088,0.06980065461462892,4,evening,0.21144179244536257
0.5902306668690871,192.64989991857556,0.5407937549855444,24,14.217044670389555,0.5546877097800863,6,evening,0.5795677797423868
0.3609738969400268,248.19395583974548,0.7102427986233115,36,21.339334797568952,0.7477943497593724,5,afternoon,0.4770200327858305
0.09158207332663415,310.52615007956757,0.3143501131837484,0,66.51461942384054,0.8102585866995313,4,evening,0.3071850273385033
0.9173135754622428,172.1254107496083,0.47116789893281463,14,15.732628000182824,0.41382746532079584,6,afternoon,0.7662677424198087
0.1368186309189614,131.5098510210461,0.8216368977104717,36,11.8874391177072,0.204166559168243,7,afternoon,0.15702300939374586
0.9502373538208024,195.58589758243727,0.4592651971732139,12,76.47191414762791,0.042342278772383835,8,evening,0.6778688313062767
0.44600577295795574,328.98546688271597,0.3577982653254418,7,67.10552838599145,0.5797261570972247,9,evening,0.4861218881997364
0.18513292883861965,159.81627160151345,0.4942124472502999,4,43.53242214552362,0.4529110702676108,5,afternoon,0.265466371267317
0.5419009473783581,281.9558402722034,0.8282492524372184,59,54.9309771480104,0.948744395149711,9,afternoon,0.6639539817097639
0.8729458358764083,283.885040703822,0.33520804737087273,72,31.198402032641848,0.060604907714909784,8,evening,0.6292435574279588
0.7322248864095612,172.32058791460028,0.1737615931357438,0,48.25004202353607,0.6853953434460057,9,evening,0.7181760235204946
0.8065611478614497,228.44915395926375,0.7120140203307808,35,50.66726489827458,0.02496622212005717,7,afternoon,0.5720826701390319
0.6587833667107174,281.4198311564269,0.8259782127080818,34,38.723727117809595,0.17143417671054273,6,afternoon,0.5125786097106649
0.6922765645178525,181.04361295062566,0.10063747852353333,65,90.65722106721627,0.4535789999228341,7,afternoon,0.6206672951393469
0.8491956515653193,189.82098199488192,0.23987411275594472,62,1.6061864981006146,0.4548724428028682,9,morning,0.7308986889365839
0.24966800885918594,170.9159543025678,0.1419719897609939,22,78.21712630912462,0.6857005429336439,7,afternoon,0.3804777690815233
0.4894249636431405,149.26216346535665,0.3479414115821666,8,12.438283124132433,0.9102130348677566,8,morning,0.6156613850105253
0.22120944181960223,167.53612274669965,0.45035097890541265,33,79.75473605371994,0.6390321589149208,5,evening,0.3465562569481978
0.987668007996647,138.8029866618872,0.7488263369633065,45,61.59119156767212,0.9535350978515088,7,evening,0.9774281349531055
0.9440593396866133,201.7041734129613,0.6511475848816741,77,84.32780909364024,0.8816156398779976,8,afternoon,0.9253262297440286
0.0394268113685059,161.5013384470679,0.6209285674784312,3,9.751432564089747,0.5844997955307902,5,evening,0.2029487066171912
0.7055751725156885,211.68929558953738,0.3523749466096544,29,55.898063409977404,0.8337919509188273,6,evening,0.74404020603663
0.9252483174156658,122.20521768981864,0.8414475530847599,94,50.108788026219706,0.642577610323634,9,evening,0.8404471052880562
0.18057534512733353,216.54401161072286,0.47128716739816456,74,70.61931829633586,0.07855783092372715,6,evening,0.14997009086625163
0.5679452305526295,241.67644808044622,0.9791049380151545,98,53.42905518936758,0.74056472325951,4,morning,0.6197310783646937
0.9154882975880418,100.31321787142723,0.6341421382957368,71,54.07345671331042,0.09490844126734621,8,morning,0.6693143406918332
0.03394597858579884,218.70282849237861,0.12626474156450274,2,42.95959435760647,0.5940827805697124,5,afternoon,0.20198701918097292
0.6974202672468399,261.3834496236646,0.676177562075434,13,30.883442400734083,0.7026402058582288,7,afternoon,0.6989862488302565
0.29734900737255077,139.51794906543972,0.325104015431699,59,48.226436125219216,0.06652760821085524,6,afternoon,0.2281025876240421
0.9243961953765304,283.62861934188516,0.6863271966860974,76,11.849235876840059,0.23079465392653176,5,evening,0.7163157329415308
0.9710582451653678,220.95095046830227,0.06964114816240574,44,96.15133389830848,0.9156722322616498,8,evening,0.9544424412942524
0.9442664891134339,164.74940721207957,0.1748814371759594,95,71.44107636265983,0.6163144922328964,4,morning,0.8458808900492726
0.47421421665746377,197.2115461171147,0.8557372589057863,33,95.24671166878468,0.24628601881053158,6,morning,0.40583575730338406
0.8620426509893134,227.91634562608613,0.2271795570235149,44,22.672738232996327,0.6906797711480066,9,afternoon,0.8106337870369213
0.8445493985350704,203.80026957062057,0.83704112524294,60,87.9341020176528,0.5967764199616896,5,morning,0.7702175049630561
0.31910047324325563,226.93779962231847,0.27927608845441043,82,80.87899845635384,0.5015756999179484,9,morning,0.3738430412456634
0.8289154741506773,153.9663203460317,0.6428819100587077,15,67.71524124576736,0.9761869749880837,5,morning,0.8730969244018992
0.03700763471549262,208.46804120180389,0.694150573509831,65,62.502918608520574,0.6834537774075089,5,morning,0.23094147752309752
0.596269878482053,129.314275154751,0.5126547531450529,39,31.654966526787,0.37544110966791266,8,morning,0.5300212478378109
0.23000883728770305,194.438696932565,0.3053106766967313,16,81.64107849650307,0.800073432076868,8,afternoon,0.40102821572445246
0.12056688577727881,154.8046179267605,0.21264437637109612,33,50.15154614797338,0.8845832929211878,8,afternoon,0.3497718079204515
0.07695320162920916,163.22350287051168,0.03318935456242622,15,7.089157589128536,0.12522055951683142,7,morning,0.09143340899549583
0.6962887758781398,261.8046587605219,0.3039464012407238,59,31.286316085513,0.2005529778452665,5,afternoon,0.5475680364682778
0.33987496376806614,254.56550602971345,0.653162790531283,65,93.52970985453275,0.2162270091277797,6,evening,0.3027805773759802
0.7247667715287615,230.45690604535883,0.9383048184484827,65,85.06802606048463,0.6912118093865404,9,morning,0.7147002828860951
0.06535634079894237,145.38436176637106,0.871204482263052,89,98.19056980765392,0.6030395550532833,8,evening,0.22666130507524462
0.31529033783061033,184.1795775152599,0.7660647765353026,12,62.79933826040981,0.6189915646985882,8,afternoon,0.4064007058910037
0.5394912923753372,260.6548849989592,0.7884473432532987,55,24.751007314041196,0.940773299689501,9,afternoon,0.6598758945695863
0.7907231648389635,207.08584568199524,0.6649849034759953,30,16.281504967686377,0.775911532807306,9,evening,0.7862796752294662
0.3187525029320699,315.9664769990847,0.260286857566003,33,18.691444060846163,0.12793692451178318,5,afternoon,0.2615078294059839
0.6258913764370091,219.6658919697186,0.9071950307058299,38,1.9795658347254386,0.347507082425181,8,morning,0.5423760882334606
0.8859777482361871,209.6024558245016,0.670732311905834,66,39.06821109859392,0.4353936461757356,9,evening,0.7508025176180517
0.6158631881823046,184.54417678987494,0.56044063098044,7,19.14276804995425,0.3959615887476049,7,morning,0.5498927083518946
0.23295947475363377,206.6770452391141,0.11098946921348107,86,41.16554604567024,0.6693086091618792,7,evening,0.36386421507610733
0.02440078155653802,192.3765081809728,0.4470555438064254,77,93.49944318387654,0.8918931032565626,8,afternoon,0.28464847806654536
0.8700988739009299,235.40543383442952,0.4603582712019263,54,43.05402095071899,0.306051463522788,9,evening,0.7008846507874873
0.021269410850387138,247.8351158397292,0.86456360952267,26,87.79844969848348,0.5518771364211856,5,evening,0.1804517285216267
0.8747016726841994,160.70052697460252,0.5466482201877885,92,60.55047666158765,0.7894094219135857,5,morning,0.8491139974530153
0.528937134027212,133.4383523221111,0.38040054897040965,52,24.71315546613919,0.41621805884534935,5,afternoon,0.4951214114726532
0.9390676985128962,108.18973134483517,0.9768003285106593,38,35.58547592592114,0.16811812839929585,4,morning,0.707782827478816
0.7987832357736654,225.3995663456272,0.11072059332631567,64,8.391953582142941,0.47495096526374825,8,afternoon,0.7016335546206902
0.9979341105333375,144.83166969130633,0.4225484283119446,16,33.34625935960105,0.05522252074302847,5,morning,0.7151206335962448
0.35071181545171015,92.35547035237586,0.04202467517140529,29,67.7540945503534,0.9423834540022769,7,evening,0.5282133070168802
0.7671882889311269,219.4289302265482,0.7399041207669304,52,7.211109292943519,0.07482120519497304,9,morning,0.5594781638102807
0.40193091360924216,324.6499758716395,0.9180765521991506,12,20.540140847802935,0.43845671525057817,6,afternoon,0.4128886541016429
0.47987562030390885,199.69645442300532,0.28003732955048943,20,38.14410414133115,0.5298812610885262,6,afternoon,0.494877312539294
0.6275054632183701,241.9245387225821,0.8583416767991209,18,98.20495370159625,0.9853038322872855,5,evening,0.7348449739390446
0.8736771141863388,204.09146792737826,0.29221823046189777,52,78.48618229588801,0.16602182364286078,6,afternoon,0.6613805270232953
0.9840834691992951,195.05551734044286,0.9107701616439152,18,73.3486746492104,0.11443151861235856,6,morning,0.7231878840232141
0.7682734138645182,245.95382414938842,0.7539619035967839,56,11.619095652544598,0.008706147062543579,4,evening,0.5404032338239257
0.41776678216733376,185.48627279056743,0.8049067768414386,24,78.09958936149914,0.1555714368693023,7,afternoon,0.3391081785779243
0.4213570022770702,213.36961570359514,0.0180065556004545,85,78.52688115160151,0.20727297906766762,7,afternoon,0.35713179531424943
0.7375823015888915,216.08489030980067,0.962810357074026,30,60.110269562432826,0.6305809415830923,4,morning,0.7054818935871516
0.23877714576830233,166.59547731784755,0.7266709920703233,80,99.0361781998372,0.2197067903914004,4,morning,0.23305603915523176
0.11047411313139466,249.60211747682615,0.3047510953861333,54,32.525390592455196,0.02052081472932521,6,evening,0.08348812361077382
0.35462215764077654,191.25201216522956,0.8293946648588469,22,94.12724482418517,0.8266183455024887,8,afternoon,0.49622101399929014
0.28723899165408173,162.21274202535776,0.28152119841492995,31,91.47311149565036,0.36559570100396677,9,morning,0.3107460044590472
0.2963081204559901,226.82549217852016,0.872753839566128,61,1.1480659749377842,0.35369668658073394,9,evening,0.31352469029341323
0.23360775104990994,155.07660091044812,0.11258039041193701,73,45.01165264748111,0.30247902916792657,6,afternoon,0.2542691344853149
0.04209318963636188,201.40905786845642,0.7036859774607958,9,97.71042330515733,0.9753732771464209,9,afternoon,0.32207721588937954
0.01787393473341381,199.54405016778983,0.5406984766449103,99,10.312136240807579,0.17011541730928148,4,evening,0.0635463795061741
0.9877223897360315,254.2947782915789,0.09653447019544081,71,54.778469438331946,0.8982380639532351,7,evening,0.9608770920011925
0.42777313373586234,223.73491164399763,0.24189382825883898,53,97.89575070411041,0.776803332139888,9,morning,0.53248219325707
0.3843266471596817,198.7486520627428,0.01240403627731479,51,55.549542410586014,0.07647995549931308,6,afternoon,0.29197263966157105
0.6796472826930698,240.88831496001436,0.46876796546450583,19,18.9815302972156,0.9867291015008487,8,afternoon,0.7717718283354035
0.21825388786506417,269.5103774508657,0.3012652607600004,31,58.218323009258974,0.27136596353901055,6,afternoon,0.23418751056724807
0.9499611839502253,227.8905153175931,0.5983574842977588,13,20.444057394954683,0.09858292702241234,5,evening,0.6945477068718814
0.786345014415552,200.51763099216902,0.2972378077086172,49,51.970426289448426,0.8293142341257594,6,morning,0.7992357803286142
0.08941100231225951,134.40818838249203,0.2999191115069847,27,7.4042217912348,0.7066755336776999,4,afternoon,0.2745903617218916
0.41758077578492836,146.74431684623136,0.7431931987316034,52,60.548266921440465,0.6172188058779008,7,evening,0.47747218481282006
0.8791183075621647,184.73876478226663,0.04814283597835345,23,51.67899391281582,0.15598086369893316,7,afternoon,0.6621770744031952
0.9447320222914103,169.52438989203586,0.9028949951919872,78,74.0161368761463,0.4784961162559619,9,morning,0.8048612504807757
0.4674015112498697,190.6514348507277,0.8522638743911815,21,63.0700471158785,0.7805560268872138,4,afternoon,0.5613478659410729
0.6134113892107077,202.83249624485535,0.6678046832264065,29,54.96062685307567,0.30362393814384026,5,morning,0.5204751538906475
0.16703394609207523,226.48463771783653,0.5932215701073843,62,68.97788492481212,0.31168982851504146,4,morning,0.21043071081896508
0.9911686261369765,196.47506109704543,0.8923024981396522,3,14.394191357223086,0.0031409060481221163,6,afternoon,0.6947603101103201
0.2316717013834434,224.3250821913101,0.18533017952871444,76,59.535966125860405,0.17424340164537955,4,afternoon,0.21444321146202422
0.9427317741351257,203.22372074050602,0.07896916219082861,58,17.211060282277767,0.8754056251218343,4,morning,0.9225339294311383
0.6496466489923685,101.22667168230643,0.2395101699095381,86,92.55222078518808,0.4417464916377071,5,evening,0.58727660178597
0.6077367948788591,153.03323030906228,0.7945782787001903,7,6.833410484560421,0.984234499234434,6,morning,0.7206861061855315
0.5126885110165086,192.79562221391922,0.03467026672648332,81,43.03747496907933,0.39570796357379256,8,afternoon,0.4775943467836938
0.2306698117177587,139.5152628579446,0.5828068350834896,11,69.57974776554448,0.7151864547802412,8,afternoon,0.37602480463650345
0.17652803200550826,229.99643649981022,0.9954375161913099,30,45.80222116682587,0.28191904290472913,7,evening,0.2081453352752745
0.22048620907017535,276.53754161718484,0.8556960938375394,77,9.209525323290235,0.3638096411409335,9,morning,0.2634832386914028
0.18643826214425452,260.93809258486584,0.5214456890435895,33,55.337901612670734,0.19072598759089465,4,morning,0.18772457977824655
0.7795844735667533,189.3278564534896,0.06364090928664234,81,64.16319088273545,0.347062368499395,7,morning,0.6498278420465458
0.3501252591667301,274.5363068424976,0.8313735143857098,97,70.37923109905077,0.5472375204206431,5,afternoon,0.409258937542904
0.05784267656339637,207.43337286010558,0.5989785081772105,74,37.32598144627589,0.9917728809792494,8,morning,0.33802173788815226
0.9691026301408113,183.14570144409802,0.11493299705956683,75,56.36599710287622,0.6642017130717857,4,evening,0.8776323550201035
0.8837858849634257,169.32986682295302,0.0938572848233562,48,45.06864749389131,0.19924595440831405,5,afternoon,0.6784239057968922
0.927752283195213,184.8765156755936,0.9096268194365924,78,67.20560387522534,0.04496144159155113,9,afternoon,0.6629150307141144
0.9949078226464353,180.59115907293855,0.6692002629380784,56,58.35569673248185,0.1263564813145106,5,morning,0.7343424202468578
0.1738952492194873,208.5208111187744,0.8292867993167555,94,52.57562195591349,0.5625552012730474,4,evening,0.2904932348355553
0.39624201890265875,208.02869905249324,0.8789789002822673,92,24.952436683824864,0.7651603288167663,9,afternoon,0.5069175118768909
0.7582384757040913,200.15230100767073,0.5717723520483222,25,0.20185177482339167,0.9404192073007469,5,afternoon,0.8128926951830879
0.6960206180537922,221.84690848731748,0.5174463517550413,17,17.408167531142926,0.015823171996820817,9,morning,0.49196138423670077
0.15389590633985506,259.5323137393171,0.4304274103209902,95,11.706604142416865,0.5227601415618698,4,morning,0.26455517690645947
0.8158331249906178,247.4777067720662,0.3169465877911193,85,44.90847450109467,0.47086735622317677,4,evening,0.7123433943603855
0.22444057183666066,125.75510157750483,0.43459596085871177,37,61.22581507618447,0.656055021975704,9,morning,0.35392490687837364
0.22381761482262308,72.30394325490226,0.7738796557301564,80,21.308500868480817,0.559578854465342,6,evening,0.3245459867154387
0.5369744228934136,246.7159955619637,0.6019234310151316,86,93.90570959671871,0.6870391505824806,7,afternoon,0.5819938412001336
0.5929399348417032,131.65606507922894,0.8925232899548461,87,0.6682129223887778,0.6580825847491903,5,evening,0.6124827298139492
0.5800862078378112,188.76172990536583,0.4433800143791877,49,77.23010151653429,0.1170117248579462,5,evening,0.4411638629438517
0.09148683739775487,141.49434869703202,0.607089578718754,7,62.52047695304422,0.7997179136187196,6,evening,0.30395616026404426
0.8774608626303804,109.90097812099901,0.6313075530919887,40,37.35548010476819,0.12323257571632484,6,afternoon,0.6511923765561637
0.26560004258870606,227.07313641023939,0.5916971623063255,5,5.048894441240792,0.6985306252091371,6,morning,0.3954792173748354
0.12951492128280417,237.95775801513236,0.7026337730855163,68,62.74865717842793,0.4161453676406067,8,afternoon,0.21550405519014493
0.8887480798689772,171.17447996366403,0.23743346837480628,43,38.56135128656481,0.5138507345765979,8,morning,0.7762788762812634
0.9556514982297534,70.4478853927545,0.5123637775457907,63,93.62671394132191,0.9032980143757106,9,evening,0.9399454530735405
0.8621276172654506,172.68777758737588,0.10422480280834767,28,54.19900748897659,0.8898837264734866,8,evening,0.8704544500278613
0.8095160747248781,219.59020027012733,0.38451132764481255,27,93.96515112935082,0.8178563056550295,4,evening,0.8120181440039235
0.6552419806390217,126.05442156129357,0.4876670686212644,10,22.04836934733041,0.5101483804563233,9,evening,0.6117139005842122
0.5508573706091393,209.16799598895778,0.6522242595454725,64,72.57259103641033,0.7362398101338331,5,evening,0.6064721024665474
0.08698675991141014,199.2345075413502,0.9505310525862035,18,61.72490208487257,0.5128970555188094,7,morning,0.2147598485936299
0.4084532130706987,228.9645749800544,0.6006510665483559,8,73.94082298313118,0.8696060824747774,4,morning,0.5467990738919223
0.372688517012314,205.97901842070766,0.7435939161765598,26,21.466786397253678,0.4027758332328999,5,evening,0.38171471187848977
0.2597537837603262,151.34655295592222,0.5062660594952028,33,66.49945162377738,0.9702353444148768,5,afternoon,0.4728982519566914
0.7234201136885849,259.82857508322456,0.6341040313763313,43,49.8040393056869,0.9323227582288776,9,afternoon,0.7860909070506727
0.4958757350787708,192.0735213486515,0.07093221613377343,67,74.28249749063163,0.7416026194517855,6,evening,0.5695938003906752
0.08104621590764793,198.6347730245034,0.254391580841847,99,32.704464415181775,0.279415884176072,6,morning,0.14055711638817514
0.22018320194981134,153.3366020463402,0.3618530932051387,81,89.00570254652526,0.1316535887932584,4,afternoon,0.19362431800284544
0.6832587636595959,177.83588744042447,0.47249335500651357,14,8.430131461135037,0.8547034500931975,6,afternoon,0.7346921695896764
0.07613085949030018,155.75986429865495,0.045648745502383736,50,80.7189318791188,0.16530228613796127,5,afternoon,0.1028822874845985
0.8512069140487687,191.35269700382884,0.14002409755331768,12,86.13196258150909,0.8542607889973357,6,evening,0.8521230765333387
0.4951465270139743,285.5854240071172,0.2768143077913058,82,81.72523113668213,0.49076500671236045,8,afternoon,0.49383207092349013
0.480586577326648,131.4049428534322,0.9715326909010507,48,51.272639426177605,0.4065567838081042,6,afternoon,0.4583776392710849
0.5924077846595176,119.32193010616294,0.33134700710305076,69,43.83849800307613,0.9031907788344291,5,afternoon,0.685642682911991
0.8246809659251492,273.55851637468044,0.48204105811208253,55,99.62622865248768,0.6038509825402779,9,afternoon,0.7584319709096877
0.34780920790219305,189.5338161424067,0.19609771273839294,75,22.917195121416214,0.5766140071297178,4,morning,0.4164506476704505
0.6780161525590636,166.54636306700417,0.6107800710757683,50,54.68759658760446,0.5587659446243977,7,evening,0.6422410901786637
0.5657319639957911,251.99523436980382,0.2806832155159743,36,67.06755253823256,0.3711695160195314,6,evening,0.5073632296029131
0.2670282701694213,169.7192230131568,0.20699257843842678,16,70.08676358614319,0.7856431035291273,5,morning,0.4226127201773331
0.878629986355158,291.30048567734684,0.5165726284459791,57,20.40246657385787,0.252798444015773,7,morning,0.6908805236533425
0.7974260216069281,233.89629356696344,0.005505799160420821,86,65.39940923398012,0.938894960041275,7,evening,0.8398667031372322
0.6584518346584255,175.60442959271487,0.0076640326492253275,89,81.83695664813374,0.8939852050469608,8,afternoon,0.7291118457749861
0.8505817290942419,307.86541066327516,0.21906880910185778,28,5.001857682111222,0.33748032567489816,7,afternoon,0.6966513080684388
0.8672942009598024,169.71425384983309,0.03672136250082114,32,91.15212933253164,0.7294637698316637,9,evening,0.8259450716213608
0.7083629767150348,237.10476860046535,0.10802575413069138,59,2.950405514520593,0.5732231944495915,5,afternoon,0.6678210420354017
0.837013328363672,214.9646290203246,0.3388606493387516,90,35.59710324883943,0.3376493019992346,5,morning,0.6872041204543408
0.6974714616692836,265.0870644699399,0.8025856795798129,88,1.5813196232962068,0.9885216479954467,6,afternoon,0.7847865175671325
0.6801407717603004,278.0755598363426,0.5720486433693008,54,7.7145168539581865,0.025237345848264203,6,afternoon,0.48366974398668955
0.6186113782151843,201.60020745328833,0.5126677259564164,9,91.1168285180079,0.25264603062128665,6,afternoon,0.508821773937015
0.7527166395576412,162.32910648269083,0.29348882320812164,46,35.48608307461478,0.5200740611111504,9,evening,0.682923866023694
0.1586051052930737,222.9986071469558,0.9317537194328164,22,42.477153042505286,0.5219530034785639,7,morning,0.2676094747487207
0.8808707591989284,166.1142315123947,0.39701504123719167,84,21.53443813825526,0.5889330749455641,7,afternoon,0.7932894539229192
0.871843527745232,300.66936237633115,0.08709276679577149,20,59.70957701867198,0.7516761720229193,8,evening,0.8357933210285381
0.029247283034559146,206.82676655413687,0.6170665161178013,12,59.480321467778964,0.6234778305192964,9,afternoon,0.2075164472799803
0.8258167505647627,181.73392243439457,0.11383839347660141,32,37.22003918252192,0.600281460528037,6,morning,0.7581561635537449
0.1288698674734452,209.23401529324542,0.3452231428016921,23,33.30348718053984,0.05351446291304329,4,afternoon,0.10626324610532462
0.3351188542591419,132.64368552351516,0.5074119387178089,10,88.49643081805878,0.3765302877892983,8,morning,0.3475422843181888
0.7435082562916078,151.4192980744674,0.8742225246851758,16,38.328423964220136,0.232055739701156,4,afternoon,0.5900725013144723
0.1607598960483082,260.0206953972213,0.49354658034011867,67,49.35009921544082,0.26537011160197543,7,morning,0.19214296071440837
0.8179670241190622,167.1552860514302,0.7022587660316643,46,28.330476242493063,0.5543374743403449,8,afternoon,0.7388781591854469
0.8321341779577419,147.65445086590302,0.9928168389990704,24,78.67695033571273,0.19950531492960843,8,morning,0.6423455190493018
0.5074677337608362,226.83263762636432,0.13148911989798162,93,39.74481568990916,0.29394910101689753,5,afternoon,0.44341214393765455
0.00638587171683358,259.28520773314983,0.2747315255195195,72,51.36110465443245,0.2370847085173401,7,afternoon,0.07559552275698553
0.2870381331749128,235.94766553325334,0.3945760755976464,20,25.335717005966142,0.9485029432181947,7,evening,0.48547757618789733
0.6169269183757422,249.80238429029083,0.42182817853883137,83,98.76595923412518,0.9446657321710952,9,evening,0.7152485625143481
0.9811861780274235,162.16024557152696,0.41102107526554577,82,29.149574092372287,0.6099415585960517,8,morning,0.8698127921980119
0.6318135270166684,128.90946666290782,0.9076110025565549,82,77.07425309055516,0.9245224687318999,7,afternoon,0.7196262095312378
0.2598035810641598,275.06668259777433,0.7140326444668564,11,42.74956503567592,0.7858126454683731,8,morning,0.4176063003854238
0.6340057030996114,183.86600805789323,0.6079052140907037,36,20.62174050841399,0.5899478828018088,9,evening,0.6207883570102706
0.5399853797158555,187.45834917724764,0.3093727178627821,41,79.97187639648612,0.006435211496795712,9,morning,0.3799203292501375
0.7798453951511436,266.4097070924529,0.8237903842212947,16,33.36067890290432,0.772516286079404,5,morning,0.7776466624296217
0.10698063882695841,227.811500470033,0.9550605114849889,47,86.5193347397811,0.7024883415884688,8,evening,0.2856329496554115
0.761027902502028,222.79438860408038,0.8211982825502265,27,91.5257184917823,0.615253653282414,7,afternoon,0.7172956277361437
0.5412665786761103,308.2501172450542,0.0015651051914729042,40,85.9823835391276,0.7604243116824717,7,morning,0.6070138985780187
0.9629920038589946,167.82408848099286,0.636401370183407,98,3.500791480680565,0.5129221647747657,8,evening,0.8279710521337259
0.3418721660386861,246.39200640406187,0.051135381442100725,46,78.73733450051056,0.7040832713213391,8,afternoon,0.450535497623482
0.6326218931339481,202.85065624485424,0.25760722033372185,17,41.133946649914385,0.9351720867264933,8,evening,0.7233869512117117
0.9320281055100175,213.42961394316285,0.059524700347771686,77,87.37229201822251,0.3758050158460863,6,morning,0.7651611786108381
